BEETA,BETHE,BEIOT,BEKAP
0.3271875,0.01300712,0.065637695,0.019560033
