COD_STA,EPFX,EPQX,BETAB,BETAQ,PCFX,PCQX,DELXB,PHIXB,ETAXB
I0,7.1600000000,2.9800000000,0.3271875000,0.0299500000,0.1000000000,0.0100000000,0.3000000000,10.00,4.10
I1,10.0000000000,2.9800000000,0.1511400000,0.0450400000,0.0150000000,0.0150000000,0.8000000000,8.00,5.00
I2,2.0000000000,2.0000000000,0.0201000000,0.0201000000,0.0100000000,0.0100000000,0.7143000000,8.00,6.00
I3,2.0000000000,2.0000000000,0.0201000000,0.0201000000,0.0100000000,0.0100000000,0.5000000000,10.00,10.00
